SET IDENTITY_INSERT [dbo].[QuestionCategories] ON 

INSERT [dbo].[QuestionCategories] ([categoryid], [category], [bactive], [createdby], [createddtstamp], [updatedby], [updateddtstamp]) VALUES (1, N'Performance', 1, 1, GETDATE(), NULL, NULL)
INSERT [dbo].[QuestionCategories] ([categoryid], [category], [bactive], [createdby], [createddtstamp], [updatedby], [updateddtstamp]) VALUES (2, N'Attitude', 1, 1, GETDATE(), NULL, NULL)
INSERT [dbo].[QuestionCategories] ([categoryid], [category], [bactive], [createdby], [createddtstamp], [updatedby], [updateddtstamp]) VALUES (3, N'Maintenance', 1, 1, GETDATE(), NULL, NULL)
INSERT [dbo].[QuestionCategories] ([categoryid], [category], [bactive], [createdby], [createddtstamp], [updatedby], [updateddtstamp]) VALUES (4, N'General', 1, 1, GETDATE(), NULL, NULL)
SET IDENTITY_INSERT [dbo].[QuestionCategories] OFF
SET IDENTITY_INSERT [dbo].[QuestionsDirectory] ON 

INSERT [dbo].[QuestionsDirectory] ([id], [categoryid], [questions], [bactive], [createdby], [createddtstamp], [updatedby], [updateddtstamp]) VALUES (1, 1, N'Employee''s achievement of Key Performance Indicators (KPIs) or Assigned Goals:', 1, 1, CAST(N'2018-04-03T05:00:11.630' AS DateTime), NULL, NULL)
INSERT [dbo].[QuestionsDirectory] ([id], [categoryid], [questions], [bactive], [createdby], [createddtstamp], [updatedby], [updateddtstamp]) VALUES (2, 1, N'Quality of employee''s work or production:', 1, 1, CAST(N'2018-04-03T05:00:37.497' AS DateTime), NULL, NULL)
INSERT [dbo].[QuestionsDirectory] ([id], [categoryid], [questions], [bactive], [createdby], [createddtstamp], [updatedby], [updateddtstamp]) VALUES (3, 1, N'Efficiency of employee''s work:', 1, 1, CAST(N'2018-04-03T05:00:58.063' AS DateTime), NULL, NULL)
INSERT [dbo].[QuestionsDirectory] ([id], [categoryid], [questions], [bactive], [createdby], [createddtstamp], [updatedby], [updateddtstamp]) VALUES (4, 1, N'Demonstration of potential:', 1, 1, CAST(N'2018-04-03T05:01:15.343' AS DateTime), NULL, NULL)
INSERT [dbo].[QuestionsDirectory] ([id], [categoryid], [questions], [bactive], [createdby], [createddtstamp], [updatedby], [updateddtstamp]) VALUES (5, 1, N'Employee''s impact on value of the business:', 1, 1, CAST(N'2018-04-03T05:01:34.117' AS DateTime), NULL, NULL)
INSERT [dbo].[QuestionsDirectory] ([id], [categoryid], [questions], [bactive], [createdby], [createddtstamp], [updatedby], [updateddtstamp]) VALUES (6, 2, N'Coachability and willingness to take feedback:', 1, 1, CAST(N'2018-04-03T05:02:31.217' AS DateTime), NULL, NULL)
INSERT [dbo].[QuestionsDirectory] ([id], [categoryid], [questions], [bactive], [createdby], [createddtstamp], [updatedby], [updateddtstamp]) VALUES (7, 2, N'Attitude toward teammates:', 1, 1, CAST(N'2018-04-03T05:02:55.413' AS DateTime), NULL, NULL)
INSERT [dbo].[QuestionsDirectory] ([id], [categoryid], [questions], [bactive], [createdby], [createddtstamp], [updatedby], [updateddtstamp]) VALUES (8, 2, N'Resilience during challenging times:', 1, 1, CAST(N'2018-04-03T05:03:08.910' AS DateTime), NULL, NULL)
INSERT [dbo].[QuestionsDirectory] ([id], [categoryid], [questions], [bactive], [createdby], [createddtstamp], [updatedby], [updateddtstamp]) VALUES (9, 2, N'Overall cheerfulness and optimism:', 1, 1, CAST(N'2018-04-03T05:03:38.240' AS DateTime), NULL, NULL)
INSERT [dbo].[QuestionsDirectory] ([id], [categoryid], [questions], [bactive], [createdby], [createddtstamp], [updatedby], [updateddtstamp]) VALUES (10, 2, N'Engagement and Passion in his or her work:', 1, 1, CAST(N'2018-04-03T05:08:11.890' AS DateTime), NULL, NULL)
INSERT [dbo].[QuestionsDirectory] ([id], [categoryid], [questions], [bactive], [createdby], [createddtstamp], [updatedby], [updateddtstamp]) VALUES (11, 3, N'Overall neediness:', 1, 1, CAST(N'2018-04-03T05:09:11.780' AS DateTime), NULL, NULL)
INSERT [dbo].[QuestionsDirectory] ([id], [categoryid], [questions], [bactive], [createdby], [createddtstamp], [updatedby], [updateddtstamp]) VALUES (12, 3, N'Negative impact on company brand:', 1, 1, CAST(N'2018-04-03T05:09:24.313' AS DateTime), NULL, NULL)
INSERT [dbo].[QuestionsDirectory] ([id], [categoryid], [questions], [bactive], [createdby], [createddtstamp], [updatedby], [updateddtstamp]) VALUES (13, 3, N'#1 Point of Frustration:', 1, 1, CAST(N'2018-04-03T05:09:52.253' AS DateTime), NULL, NULL)
INSERT [dbo].[QuestionsDirectory] ([id], [categoryid], [questions], [bactive], [createdby], [createddtstamp], [updatedby], [updateddtstamp]) VALUES (14, 3, N'Compensation for his or her position (relative to others in organization):', 1, 1, CAST(N'2018-04-03T05:10:34.643' AS DateTime), NULL, NULL)
INSERT [dbo].[QuestionsDirectory] ([id], [categoryid], [questions], [bactive], [createdby], [createddtstamp], [updatedby], [updateddtstamp]) VALUES (15, 3, N'Contract Status :', 1, 1, CAST(N'2018-04-03T05:10:58.510' AS DateTime), NULL, NULL)
SET IDENTITY_INSERT [dbo].[QuestionsDirectory] OFF

SET IDENTITY_INSERT [dbo].[AnswersConfig] ON 

INSERT [dbo].[AnswersConfig] ([id], [questionid], [answer], [weightage], [bactive], [createdby], [createddtstamp], [updatedby], [updateddtstamp]) VALUES (1, 1, N'Not Acceptable', CAST(1 AS Numeric(5, 0)), 1, 1, CAST(N'2018-04-03T05:19:34.593' AS DateTime), NULL, NULL)
INSERT [dbo].[AnswersConfig] ([id], [questionid], [answer], [weightage], [bactive], [createdby], [createddtstamp], [updatedby], [updateddtstamp]) VALUES (2, 1, N'Needs Improvement', CAST(2 AS Numeric(5, 0)), 1, 1, CAST(N'2018-04-03T05:19:34.840' AS DateTime), NULL, NULL)
INSERT [dbo].[AnswersConfig] ([id], [questionid], [answer], [weightage], [bactive], [createdby], [createddtstamp], [updatedby], [updateddtstamp]) VALUES (3, 1, N'Meets Expectations', CAST(3 AS Numeric(5, 0)), 1, 1, CAST(N'2018-04-03T05:19:35.087' AS DateTime), NULL, NULL)
INSERT [dbo].[AnswersConfig] ([id], [questionid], [answer], [weightage], [bactive], [createdby], [createddtstamp], [updatedby], [updateddtstamp]) VALUES (4, 1, N'Exceeds Expectations', CAST(4 AS Numeric(5, 0)), 1, 1, CAST(N'2018-04-03T05:19:35.330' AS DateTime), NULL, NULL)
INSERT [dbo].[AnswersConfig] ([id], [questionid], [answer], [weightage], [bactive], [createdby], [createddtstamp], [updatedby], [updateddtstamp]) VALUES (5, 1, N'Exceptional', CAST(5 AS Numeric(5, 0)), 1, 1, CAST(N'2018-04-03T05:19:35.577' AS DateTime), NULL, NULL)
INSERT [dbo].[AnswersConfig] ([id], [questionid], [answer], [weightage], [bactive], [createdby], [createddtstamp], [updatedby], [updateddtstamp]) VALUES (6, 2, N'Not Acceptable', CAST(1 AS Numeric(5, 0)), 1, 1, CAST(N'2018-04-03T05:20:51.723' AS DateTime), NULL, NULL)
INSERT [dbo].[AnswersConfig] ([id], [questionid], [answer], [weightage], [bactive], [createdby], [createddtstamp], [updatedby], [updateddtstamp]) VALUES (7, 2, N'Needs Improvement', CAST(2 AS Numeric(5, 0)), 1, 1, CAST(N'2018-04-03T05:20:51.977' AS DateTime), NULL, NULL)
INSERT [dbo].[AnswersConfig] ([id], [questionid], [answer], [weightage], [bactive], [createdby], [createddtstamp], [updatedby], [updateddtstamp]) VALUES (8, 2, N'Meets Expectations', CAST(3 AS Numeric(5, 0)), 1, 1, CAST(N'2018-04-03T05:20:52.217' AS DateTime), NULL, NULL)
INSERT [dbo].[AnswersConfig] ([id], [questionid], [answer], [weightage], [bactive], [createdby], [createddtstamp], [updatedby], [updateddtstamp]) VALUES (9, 2, N'Exceeds Expectations', CAST(4 AS Numeric(5, 0)), 1, 1, CAST(N'2018-04-03T05:20:52.470' AS DateTime), NULL, NULL)
INSERT [dbo].[AnswersConfig] ([id], [questionid], [answer], [weightage], [bactive], [createdby], [createddtstamp], [updatedby], [updateddtstamp]) VALUES (10, 2, N'Exceptional', CAST(5 AS Numeric(5, 0)), 1, 1, CAST(N'2018-04-03T05:20:52.717' AS DateTime), NULL, NULL)
INSERT [dbo].[AnswersConfig] ([id], [questionid], [answer], [weightage], [bactive], [createdby], [createddtstamp], [updatedby], [updateddtstamp]) VALUES (11, 3, N'Not Acceptable', CAST(1 AS Numeric(5, 0)), 1, 1, CAST(N'2018-04-03T05:22:16.440' AS DateTime), NULL, NULL)
INSERT [dbo].[AnswersConfig] ([id], [questionid], [answer], [weightage], [bactive], [createdby], [createddtstamp], [updatedby], [updateddtstamp]) VALUES (12, 3, N'Needs Improvement', CAST(2 AS Numeric(5, 0)), 1, 1, CAST(N'2018-04-03T05:22:16.680' AS DateTime), NULL, NULL)
INSERT [dbo].[AnswersConfig] ([id], [questionid], [answer], [weightage], [bactive], [createdby], [createddtstamp], [updatedby], [updateddtstamp]) VALUES (13, 3, N'Meets Expectations', CAST(3 AS Numeric(5, 0)), 1, 1, CAST(N'2018-04-03T05:22:16.920' AS DateTime), NULL, NULL)
INSERT [dbo].[AnswersConfig] ([id], [questionid], [answer], [weightage], [bactive], [createdby], [createddtstamp], [updatedby], [updateddtstamp]) VALUES (14, 3, N'Exceeds Expectations', CAST(4 AS Numeric(5, 0)), 1, 1, CAST(N'2018-04-03T05:22:17.477' AS DateTime), NULL, NULL)
INSERT [dbo].[AnswersConfig] ([id], [questionid], [answer], [weightage], [bactive], [createdby], [createddtstamp], [updatedby], [updateddtstamp]) VALUES (15, 3, N'Exceptional', CAST(5 AS Numeric(5, 0)), 1, 1, CAST(N'2018-04-03T05:22:17.723' AS DateTime), NULL, NULL)
INSERT [dbo].[AnswersConfig] ([id], [questionid], [answer], [weightage], [bactive], [createdby], [createddtstamp], [updatedby], [updateddtstamp]) VALUES (16, 4, N'Not Acceptable', CAST(1 AS Numeric(5, 0)), 1, 1, CAST(N'2018-04-03T05:22:50.580' AS DateTime), NULL, NULL)
INSERT [dbo].[AnswersConfig] ([id], [questionid], [answer], [weightage], [bactive], [createdby], [createddtstamp], [updatedby], [updateddtstamp]) VALUES (17, 4, N'Needs Improvement', CAST(2 AS Numeric(5, 0)), 1, 1, CAST(N'2018-04-03T05:22:50.827' AS DateTime), NULL, NULL)
INSERT [dbo].[AnswersConfig] ([id], [questionid], [answer], [weightage], [bactive], [createdby], [createddtstamp], [updatedby], [updateddtstamp]) VALUES (18, 4, N'Meets Expectations', CAST(3 AS Numeric(5, 0)), 1, 1, CAST(N'2018-04-03T05:22:51.070' AS DateTime), NULL, NULL)
INSERT [dbo].[AnswersConfig] ([id], [questionid], [answer], [weightage], [bactive], [createdby], [createddtstamp], [updatedby], [updateddtstamp]) VALUES (19, 4, N'Exceeds Expectations', CAST(4 AS Numeric(5, 0)), 1, 1, CAST(N'2018-04-03T05:22:51.317' AS DateTime), NULL, NULL)
INSERT [dbo].[AnswersConfig] ([id], [questionid], [answer], [weightage], [bactive], [createdby], [createddtstamp], [updatedby], [updateddtstamp]) VALUES (20, 4, N'Exceptional', CAST(5 AS Numeric(5, 0)), 1, 1, CAST(N'2018-04-03T05:22:51.560' AS DateTime), NULL, NULL)
INSERT [dbo].[AnswersConfig] ([id], [questionid], [answer], [weightage], [bactive], [createdby], [createddtstamp], [updatedby], [updateddtstamp]) VALUES (21, 5, N'Not Acceptable', CAST(1 AS Numeric(5, 0)), 1, 1, CAST(N'2018-04-03T05:23:34.907' AS DateTime), NULL, NULL)
INSERT [dbo].[AnswersConfig] ([id], [questionid], [answer], [weightage], [bactive], [createdby], [createddtstamp], [updatedby], [updateddtstamp]) VALUES (22, 5, N'Needs Improvement', CAST(2 AS Numeric(5, 0)), 1, 1, CAST(N'2018-04-03T05:23:35.150' AS DateTime), NULL, NULL)
INSERT [dbo].[AnswersConfig] ([id], [questionid], [answer], [weightage], [bactive], [createdby], [createddtstamp], [updatedby], [updateddtstamp]) VALUES (23, 5, N'Meets Expectations', CAST(3 AS Numeric(5, 0)), 1, 1, CAST(N'2018-04-03T05:23:35.397' AS DateTime), NULL, NULL)
INSERT [dbo].[AnswersConfig] ([id], [questionid], [answer], [weightage], [bactive], [createdby], [createddtstamp], [updatedby], [updateddtstamp]) VALUES (24, 5, N'Exceeds Expectations', CAST(4 AS Numeric(5, 0)), 1, 1, CAST(N'2018-04-03T05:23:35.637' AS DateTime), NULL, NULL)
INSERT [dbo].[AnswersConfig] ([id], [questionid], [answer], [weightage], [bactive], [createdby], [createddtstamp], [updatedby], [updateddtstamp]) VALUES (25, 5, N'Exceptional', CAST(5 AS Numeric(5, 0)), 1, 1, CAST(N'2018-04-03T05:23:35.887' AS DateTime), NULL, NULL)
INSERT [dbo].[AnswersConfig] ([id], [questionid], [answer], [weightage], [bactive], [createdby], [createddtstamp], [updatedby], [updateddtstamp]) VALUES (26, 6, N'Not Acceptable', CAST(1 AS Numeric(5, 0)), 1, 1, CAST(N'2018-04-03T05:25:23.370' AS DateTime), NULL, NULL)
INSERT [dbo].[AnswersConfig] ([id], [questionid], [answer], [weightage], [bactive], [createdby], [createddtstamp], [updatedby], [updateddtstamp]) VALUES (27, 6, N'Needs Improvement', CAST(2 AS Numeric(5, 0)), 1, 1, CAST(N'2018-04-03T05:25:23.620' AS DateTime), NULL, NULL)
INSERT [dbo].[AnswersConfig] ([id], [questionid], [answer], [weightage], [bactive], [createdby], [createddtstamp], [updatedby], [updateddtstamp]) VALUES (28, 6, N'Meets Expectations', CAST(3 AS Numeric(5, 0)), 1, 1, CAST(N'2018-04-03T05:25:23.877' AS DateTime), NULL, NULL)
INSERT [dbo].[AnswersConfig] ([id], [questionid], [answer], [weightage], [bactive], [createdby], [createddtstamp], [updatedby], [updateddtstamp]) VALUES (29, 6, N'Exceeds Expectations', CAST(4 AS Numeric(5, 0)), 1, 1, CAST(N'2018-04-03T05:25:24.153' AS DateTime), NULL, NULL)
INSERT [dbo].[AnswersConfig] ([id], [questionid], [answer], [weightage], [bactive], [createdby], [createddtstamp], [updatedby], [updateddtstamp]) VALUES (30, 6, N'Exceptional', CAST(5 AS Numeric(5, 0)), 1, 1, CAST(N'2018-04-03T05:25:24.410' AS DateTime), NULL, NULL)
INSERT [dbo].[AnswersConfig] ([id], [questionid], [answer], [weightage], [bactive], [createdby], [createddtstamp], [updatedby], [updateddtstamp]) VALUES (31, 7, N'Not Acceptable', CAST(1 AS Numeric(5, 0)), 1, 1, CAST(N'2018-04-03T05:25:55.583' AS DateTime), NULL, NULL)
INSERT [dbo].[AnswersConfig] ([id], [questionid], [answer], [weightage], [bactive], [createdby], [createddtstamp], [updatedby], [updateddtstamp]) VALUES (32, 7, N'Needs Improvement', CAST(2 AS Numeric(5, 0)), 1, 1, CAST(N'2018-04-03T05:25:55.823' AS DateTime), NULL, NULL)
INSERT [dbo].[AnswersConfig] ([id], [questionid], [answer], [weightage], [bactive], [createdby], [createddtstamp], [updatedby], [updateddtstamp]) VALUES (33, 7, N'Meets Expectations', CAST(3 AS Numeric(5, 0)), 1, 1, CAST(N'2018-04-03T05:25:56.070' AS DateTime), NULL, NULL)
INSERT [dbo].[AnswersConfig] ([id], [questionid], [answer], [weightage], [bactive], [createdby], [createddtstamp], [updatedby], [updateddtstamp]) VALUES (34, 7, N'Exceeds Expectations', CAST(4 AS Numeric(5, 0)), 1, 1, CAST(N'2018-04-03T05:25:56.320' AS DateTime), NULL, NULL)
INSERT [dbo].[AnswersConfig] ([id], [questionid], [answer], [weightage], [bactive], [createdby], [createddtstamp], [updatedby], [updateddtstamp]) VALUES (35, 7, N'Exceptional', CAST(5 AS Numeric(5, 0)), 1, 1, CAST(N'2018-04-03T05:25:56.577' AS DateTime), NULL, NULL)
INSERT [dbo].[AnswersConfig] ([id], [questionid], [answer], [weightage], [bactive], [createdby], [createddtstamp], [updatedby], [updateddtstamp]) VALUES (36, 8, N'Not Acceptable', CAST(1 AS Numeric(5, 0)), 1, 1, CAST(N'2018-04-03T05:26:19.937' AS DateTime), NULL, NULL)
INSERT [dbo].[AnswersConfig] ([id], [questionid], [answer], [weightage], [bactive], [createdby], [createddtstamp], [updatedby], [updateddtstamp]) VALUES (37, 8, N'Needs Improvement', CAST(2 AS Numeric(5, 0)), 1, 1, CAST(N'2018-04-03T05:26:20.187' AS DateTime), NULL, NULL)
INSERT [dbo].[AnswersConfig] ([id], [questionid], [answer], [weightage], [bactive], [createdby], [createddtstamp], [updatedby], [updateddtstamp]) VALUES (38, 8, N'Meets Expectations', CAST(3 AS Numeric(5, 0)), 1, 1, CAST(N'2018-04-03T05:26:20.437' AS DateTime), NULL, NULL)
INSERT [dbo].[AnswersConfig] ([id], [questionid], [answer], [weightage], [bactive], [createdby], [createddtstamp], [updatedby], [updateddtstamp]) VALUES (39, 8, N'Exceeds Expectations', CAST(4 AS Numeric(5, 0)), 1, 1, CAST(N'2018-04-03T05:26:20.667' AS DateTime), NULL, NULL)
INSERT [dbo].[AnswersConfig] ([id], [questionid], [answer], [weightage], [bactive], [createdby], [createddtstamp], [updatedby], [updateddtstamp]) VALUES (40, 8, N'Exceptional', CAST(5 AS Numeric(5, 0)), 1, 1, CAST(N'2018-04-03T05:26:20.920' AS DateTime), NULL, NULL)
INSERT [dbo].[AnswersConfig] ([id], [questionid], [answer], [weightage], [bactive], [createdby], [createddtstamp], [updatedby], [updateddtstamp]) VALUES (41, 9, N'Not Acceptable', CAST(1 AS Numeric(5, 0)), 1, 1, CAST(N'2018-04-03T06:09:45.383' AS DateTime), NULL, NULL)
INSERT [dbo].[AnswersConfig] ([id], [questionid], [answer], [weightage], [bactive], [createdby], [createddtstamp], [updatedby], [updateddtstamp]) VALUES (42, 9, N'Needs Improvement', CAST(2 AS Numeric(5, 0)), 1, 1, CAST(N'2018-04-03T06:09:45.630' AS DateTime), NULL, NULL)
INSERT [dbo].[AnswersConfig] ([id], [questionid], [answer], [weightage], [bactive], [createdby], [createddtstamp], [updatedby], [updateddtstamp]) VALUES (43, 9, N'Meets Expectations', CAST(3 AS Numeric(5, 0)), 1, 1, CAST(N'2018-04-03T06:09:45.883' AS DateTime), NULL, NULL)
INSERT [dbo].[AnswersConfig] ([id], [questionid], [answer], [weightage], [bactive], [createdby], [createddtstamp], [updatedby], [updateddtstamp]) VALUES (44, 9, N'Exceeds Expectations', CAST(4 AS Numeric(5, 0)), 1, 1, CAST(N'2018-04-03T06:09:46.143' AS DateTime), NULL, NULL)
INSERT [dbo].[AnswersConfig] ([id], [questionid], [answer], [weightage], [bactive], [createdby], [createddtstamp], [updatedby], [updateddtstamp]) VALUES (45, 9, N'Exceptional', CAST(5 AS Numeric(5, 0)), 1, 1, CAST(N'2018-04-03T06:09:46.397' AS DateTime), NULL, NULL)
INSERT [dbo].[AnswersConfig] ([id], [questionid], [answer], [weightage], [bactive], [createdby], [createddtstamp], [updatedby], [updateddtstamp]) VALUES (46, 10, N'Not Acceptable', CAST(1 AS Numeric(5, 0)), 1, 1, CAST(N'2018-04-03T06:18:35.733' AS DateTime), NULL, NULL)
INSERT [dbo].[AnswersConfig] ([id], [questionid], [answer], [weightage], [bactive], [createdby], [createddtstamp], [updatedby], [updateddtstamp]) VALUES (47, 10, N'Needs Improvement', CAST(2 AS Numeric(5, 0)), 1, 1, CAST(N'2018-04-03T06:18:35.980' AS DateTime), NULL, NULL)
INSERT [dbo].[AnswersConfig] ([id], [questionid], [answer], [weightage], [bactive], [createdby], [createddtstamp], [updatedby], [updateddtstamp]) VALUES (48, 10, N'Meets Expectations', CAST(3 AS Numeric(5, 0)), 1, 1, CAST(N'2018-04-03T06:18:36.227' AS DateTime), NULL, NULL)
INSERT [dbo].[AnswersConfig] ([id], [questionid], [answer], [weightage], [bactive], [createdby], [createddtstamp], [updatedby], [updateddtstamp]) VALUES (49, 10, N'Exceeds Expectations', CAST(4 AS Numeric(5, 0)), 1, 1, CAST(N'2018-04-03T06:18:36.540' AS DateTime), NULL, NULL)
INSERT [dbo].[AnswersConfig] ([id], [questionid], [answer], [weightage], [bactive], [createdby], [createddtstamp], [updatedby], [updateddtstamp]) VALUES (50, 10, N'Exceptional', CAST(5 AS Numeric(5, 0)), 1, 1, CAST(N'2018-04-03T06:18:36.790' AS DateTime), NULL, NULL)
INSERT [dbo].[AnswersConfig] ([id], [questionid], [answer], [weightage], [bactive], [createdby], [createddtstamp], [updatedby], [updateddtstamp]) VALUES (51, 11, N'Never', CAST(-1 AS Numeric(5, 0)), 1, 1, CAST(N'2018-04-03T06:22:35.787' AS DateTime), NULL, NULL)
INSERT [dbo].[AnswersConfig] ([id], [questionid], [answer], [weightage], [bactive], [createdby], [createddtstamp], [updatedby], [updateddtstamp]) VALUES (52, 11, N'Rarely', CAST(-2 AS Numeric(5, 0)), 1, 1, CAST(N'2018-04-03T06:22:36.033' AS DateTime), NULL, NULL)
INSERT [dbo].[AnswersConfig] ([id], [questionid], [answer], [weightage], [bactive], [createdby], [createddtstamp], [updatedby], [updateddtstamp]) VALUES (53, 11, N'Occasionally', CAST(-3 AS Numeric(5, 0)), 1, 1, CAST(N'2018-04-03T06:22:36.280' AS DateTime), NULL, NULL)
INSERT [dbo].[AnswersConfig] ([id], [questionid], [answer], [weightage], [bactive], [createdby], [createddtstamp], [updatedby], [updateddtstamp]) VALUES (54, 11, N'Frequently', CAST(-4 AS Numeric(5, 0)), 1, 1, CAST(N'2018-04-03T06:22:36.543' AS DateTime), NULL, NULL)
INSERT [dbo].[AnswersConfig] ([id], [questionid], [answer], [weightage], [bactive], [createdby], [createddtstamp], [updatedby], [updateddtstamp]) VALUES (55, 11, N'Consistently', CAST(-5 AS Numeric(5, 0)), 1, 1, CAST(N'2018-04-03T06:22:36.793' AS DateTime), NULL, NULL)
INSERT [dbo].[AnswersConfig] ([id], [questionid], [answer], [weightage], [bactive], [createdby], [createddtstamp], [updatedby], [updateddtstamp]) VALUES (56, 12, N'Never', CAST(-1 AS Numeric(5, 0)), 1, 1, CAST(N'2018-04-03T06:23:59.507' AS DateTime), NULL, NULL)
INSERT [dbo].[AnswersConfig] ([id], [questionid], [answer], [weightage], [bactive], [createdby], [createddtstamp], [updatedby], [updateddtstamp]) VALUES (57, 12, N'Rarely', CAST(-2 AS Numeric(5, 0)), 1, 1, CAST(N'2018-04-03T06:23:59.753' AS DateTime), NULL, NULL)
INSERT [dbo].[AnswersConfig] ([id], [questionid], [answer], [weightage], [bactive], [createdby], [createddtstamp], [updatedby], [updateddtstamp]) VALUES (58, 12, N'Occasionally', CAST(-3 AS Numeric(5, 0)), 1, 1, CAST(N'2018-04-03T06:24:00.000' AS DateTime), NULL, NULL)
INSERT [dbo].[AnswersConfig] ([id], [questionid], [answer], [weightage], [bactive], [createdby], [createddtstamp], [updatedby], [updateddtstamp]) VALUES (59, 12, N'Frequently', CAST(-4 AS Numeric(5, 0)), 1, 1, CAST(N'2018-04-03T06:24:00.253' AS DateTime), NULL, NULL)
INSERT [dbo].[AnswersConfig] ([id], [questionid], [answer], [weightage], [bactive], [createdby], [createddtstamp], [updatedby], [updateddtstamp]) VALUES (60, 12, N'Consistently', CAST(-5 AS Numeric(5, 0)), 1, 1, CAST(N'2018-04-03T06:24:00.507' AS DateTime), NULL, NULL)
INSERT [dbo].[AnswersConfig] ([id], [questionid], [answer], [weightage], [bactive], [createdby], [createddtstamp], [updatedby], [updateddtstamp]) VALUES (61, 13, N'Never', CAST(-1 AS Numeric(5, 0)), 1, 1, CAST(N'2018-04-03T06:24:25.730' AS DateTime), NULL, NULL)
INSERT [dbo].[AnswersConfig] ([id], [questionid], [answer], [weightage], [bactive], [createdby], [createddtstamp], [updatedby], [updateddtstamp]) VALUES (62, 13, N'Rarely', CAST(-2 AS Numeric(5, 0)), 1, 1, CAST(N'2018-04-03T06:24:25.980' AS DateTime), NULL, NULL)
INSERT [dbo].[AnswersConfig] ([id], [questionid], [answer], [weightage], [bactive], [createdby], [createddtstamp], [updatedby], [updateddtstamp]) VALUES (63, 13, N'Occasionally', CAST(-3 AS Numeric(5, 0)), 1, 1, CAST(N'2018-04-03T06:24:26.233' AS DateTime), NULL, NULL)
INSERT [dbo].[AnswersConfig] ([id], [questionid], [answer], [weightage], [bactive], [createdby], [createddtstamp], [updatedby], [updateddtstamp]) VALUES (64, 13, N'Frequently', CAST(-4 AS Numeric(5, 0)), 1, 1, CAST(N'2018-04-03T06:24:26.487' AS DateTime), NULL, NULL)
INSERT [dbo].[AnswersConfig] ([id], [questionid], [answer], [weightage], [bactive], [createdby], [createddtstamp], [updatedby], [updateddtstamp]) VALUES (65, 13, N'Consistently', CAST(-5 AS Numeric(5, 0)), 1, 1, CAST(N'2018-04-03T06:24:26.737' AS DateTime), NULL, NULL)
INSERT [dbo].[AnswersConfig] ([id], [questionid], [answer], [weightage], [bactive], [createdby], [createddtstamp], [updatedby], [updateddtstamp]) VALUES (66, 14, N'Bottom 10%', CAST(-1 AS Numeric(5, 0)), 1, 1, CAST(N'2018-04-03T06:32:47.963' AS DateTime), NULL, NULL)
INSERT [dbo].[AnswersConfig] ([id], [questionid], [answer], [weightage], [bactive], [createdby], [createddtstamp], [updatedby], [updateddtstamp]) VALUES (67, 14, N'Below Average', CAST(-2 AS Numeric(5, 0)), 1, 1, CAST(N'2018-04-03T06:32:48.220' AS DateTime), NULL, NULL)
INSERT [dbo].[AnswersConfig] ([id], [questionid], [answer], [weightage], [bactive], [createdby], [createddtstamp], [updatedby], [updateddtstamp]) VALUES (68, 14, N'Average', CAST(-3 AS Numeric(5, 0)), 1, 1, CAST(N'2018-04-03T06:32:48.490' AS DateTime), NULL, NULL)
INSERT [dbo].[AnswersConfig] ([id], [questionid], [answer], [weightage], [bactive], [createdby], [createddtstamp], [updatedby], [updateddtstamp]) VALUES (69, 14, N'Above Average', CAST(-4 AS Numeric(5, 0)), 1, 1, CAST(N'2018-04-03T06:32:48.760' AS DateTime), NULL, NULL)
INSERT [dbo].[AnswersConfig] ([id], [questionid], [answer], [weightage], [bactive], [createdby], [createddtstamp], [updatedby], [updateddtstamp]) VALUES (70, 14, N'Top 10%', CAST(-5 AS Numeric(5, 0)), 1, 1, CAST(N'2018-04-03T06:32:49.013' AS DateTime), NULL, NULL)
INSERT [dbo].[AnswersConfig] ([id], [questionid], [answer], [weightage], [bactive], [createdby], [createddtstamp], [updatedby], [updateddtstamp]) VALUES (71, 15, N'Contract expires in less than one year', CAST(0 AS Numeric(5, 0)), 1, 1, CAST(N'2018-04-04T12:58:48.810' AS DateTime), NULL, NULL)
INSERT [dbo].[AnswersConfig] ([id], [questionid], [answer], [weightage], [bactive], [createdby], [createddtstamp], [updatedby], [updateddtstamp]) VALUES (72, 15, N'Contract expires in more than one year', CAST(0 AS Numeric(5, 0)), 1, 1, CAST(N'2018-04-04T12:59:31.810' AS DateTime), NULL, NULL)
INSERT [dbo].[AnswersConfig] ([id], [questionid], [answer], [weightage], [bactive], [createdby], [createddtstamp], [updatedby], [updateddtstamp]) VALUES (73, 15, N'No contract', CAST(0 AS Numeric(5, 0)), 1, 1, CAST(N'2018-04-04T13:00:20.653' AS DateTime), NULL, NULL)
SET IDENTITY_INSERT [dbo].[AnswersConfig] OFF

SET IDENTITY_INSERT [dbo].[ScoreRemarks] ON 

INSERT [dbo].[ScoreRemarks] ([Id], [ScoreRank], [ScoreRemarks], [Bactive], [CreatedBy], [CreatedDtstamp], [UpdatedBy], [UpdatedDtstamp], [GradeOrder], [FromScore], [ToScore], [ManagerAction], [ScoreSummary], [GeneralScoreRank]) VALUES (1, N'IP', N'This is an exceptional performer. Leaders should reach out to this employee immediately and let them know they are valued. Elevate this employee (possible raise, promotion or special project). Without taking action, your organization runs a high risk of losing this talent because he or she will attract attention from another organization. They are probably already looking or talking with recruiters. These employees are expensive to replace.', 1, 1, CAST(N'2018-04-16' AS Date), NULL, NULL, CAST(1.00 AS Decimal(5, 2)), 48, 100, N'Elevate.', N'Key Talent.', N'In Play')
INSERT [dbo].[ScoreRemarks] ([Id], [ScoreRank], [ScoreRemarks], [Bactive], [CreatedBy], [CreatedDtstamp], [UpdatedBy], [UpdatedDtstamp], [GradeOrder], [FromScore], [ToScore], [ManagerAction], [ScoreSummary], [GeneralScoreRank]) VALUES (2, N'A', N'This is a vital member of your organization who scores high in both competence and character. This is the type of employee or team member who gives you a large competitive advantage. It''s important to appreciate these employees by showing them they are valued. Continue developing these employees as they are the future leaders of the organization.', 1, 1, CAST(N'2018-04-16' AS Date), NULL, NULL, CAST(2.00 AS Decimal(5, 2)), 40, 44, N'Appreciate.', N'Core Talent.', N'A-Player')
INSERT [dbo].[ScoreRemarks] ([Id], [ScoreRank], [ScoreRemarks], [Bactive], [CreatedBy], [CreatedDtstamp], [UpdatedBy], [UpdatedDtstamp], [GradeOrder], [FromScore], [ToScore], [ManagerAction], [ScoreSummary], [GeneralScoreRank]) VALUES (3, N'B', N'This is a solid member of your organization who can give your organization an advantage over much of the competition. This is the type of employee who shows up every day ready to perform. Consistently delivers and has good behavioral competencies. With the right development opportunities, could be an A player if motivated properly.', 1, 1, CAST(N'2018-04-16' AS Date), NULL, NULL, CAST(3.00 AS Decimal(5, 2)), 25, 30, N'Motivate.', N'Solid Talent.', N'B-Player')
INSERT [dbo].[ScoreRemarks] ([Id], [ScoreRank], [ScoreRemarks], [Bactive], [CreatedBy], [CreatedDtstamp], [UpdatedBy], [UpdatedDtstamp], [GradeOrder], [FromScore], [ToScore], [ManagerAction], [ScoreSummary], [GeneralScoreRank]) VALUES (4, N'C', N'This is an average member (or less than average member) of your organization who fills a role but gives you no competitive advantage. They are merely filling a role until you can either help them improve to a B or A player or find a B or A player to replace them. This employee needs improvement and should be placed on a performance improvement plan to educate them on performance and behavioral expectations.', 1, 1, CAST(N'2018-04-16' AS Date), NULL, NULL, CAST(4.00 AS Decimal(5, 2)), 14, 18, N'Educate.', N'Average Talent.', N'C-Player')
INSERT [dbo].[ScoreRemarks] ([Id], [ScoreRank], [ScoreRemarks], [Bactive], [CreatedBy], [CreatedDtstamp], [UpdatedBy], [UpdatedDtstamp], [GradeOrder], [FromScore], [ToScore], [ManagerAction], [ScoreSummary], [GeneralScoreRank]) VALUES (5, N'RP', N'This is a below average member of your organization whose performance provides a competitive disadvantage and will eventually diminish your organization''s brand strength. These employees are potential liabilities for the organization. Their negative performance, attitude, and or impact on your brand, makes them liabilities who can damage your organization''s culture. Time to contact HR and legal to consider eliminating this employee. Be sure to mitigate the risks associated with separating this employee before taking action.', 1, 1, CAST(N'2018-04-16' AS Date), NULL, NULL, CAST(5.00 AS Decimal(5, 2)), 0, 9, N'Eliminate.', N'Liability.', N'Replacement Player')
INSERT [dbo].[ScoreRemarks] ([Id], [ScoreRank], [ScoreRemarks], [Bactive], [CreatedBy], [CreatedDtstamp], [UpdatedBy], [UpdatedDtstamp], [GradeOrder], [FromScore], [ToScore], [ManagerAction], [ScoreSummary], [GeneralScoreRank]) VALUES (6, N'A+', N'This is a vital member of your organization who scores high in both competence and character. This is the type of employee or team member who gives you a large competitive advantage. It''s important to appreciate these employees by showing them they are valued. Continue developing these employees as they are the future leaders of the organization.', 1, 1, CAST(N'2018-04-19' AS Date), NULL, NULL, CAST(2.10 AS Decimal(5, 2)), 45, 47, N'Appreciate.', N'Core Talent.', N'A-Player')
INSERT [dbo].[ScoreRemarks] ([Id], [ScoreRank], [ScoreRemarks], [Bactive], [CreatedBy], [CreatedDtstamp], [UpdatedBy], [UpdatedDtstamp], [GradeOrder], [FromScore], [ToScore], [ManagerAction], [ScoreSummary], [GeneralScoreRank]) VALUES (7, N'A-', N'This is a vital member of your organization who scores high in both competence and character. This is the type of employee or team member who gives you a large competitive advantage. It''s important to appreciate these employees by showing them they are valued. Continue developing these employees as they are the future leaders of the organization.', 1, 1, CAST(N'2018-04-19' AS Date), NULL, NULL, CAST(2.20 AS Decimal(5, 2)), 35, 39, N'Appreciate.', N'Core Talent.', N'A-Player')
INSERT [dbo].[ScoreRemarks] ([Id], [ScoreRank], [ScoreRemarks], [Bactive], [CreatedBy], [CreatedDtstamp], [UpdatedBy], [UpdatedDtstamp], [GradeOrder], [FromScore], [ToScore], [ManagerAction], [ScoreSummary], [GeneralScoreRank]) VALUES (8, N'B+', N'This is a solid member of your organization who can give your organization an advantage over much of the competition. This is the type of employee who shows up every day ready to perform. Consistently delivers and has good behavioral competencies. With the right development opportunities, could be an A player if motivated properly.', 1, 1, CAST(N'2018-04-19' AS Date), NULL, NULL, CAST(3.10 AS Decimal(5, 2)), 31, 34, N'Motivate.', N'Solid Talent.', N'B-Player')
INSERT [dbo].[ScoreRemarks] ([Id], [ScoreRank], [ScoreRemarks], [Bactive], [CreatedBy], [CreatedDtstamp], [UpdatedBy], [UpdatedDtstamp], [GradeOrder], [FromScore], [ToScore], [ManagerAction], [ScoreSummary], [GeneralScoreRank]) VALUES (9, N'B-', N'This is a solid member of your organization who can give your organization an advantage over much of the competition. This is the type of employee who shows up every day ready to perform. Consistently delivers and has good behavioral competencies. With the right development opportunities, could be an A player if motivated properly.', 1, 1, CAST(N'2018-04-19' AS Date), NULL, NULL, CAST(3.20 AS Decimal(5, 2)), 21, 24, N'Motivate.', N'Solid Talent.', N'B-Player')
INSERT [dbo].[ScoreRemarks] ([Id], [ScoreRank], [ScoreRemarks], [Bactive], [CreatedBy], [CreatedDtstamp], [UpdatedBy], [UpdatedDtstamp], [GradeOrder], [FromScore], [ToScore], [ManagerAction], [ScoreSummary], [GeneralScoreRank]) VALUES (10, N'C+', N'This is an average member (or less than average member) of your organization who fills a role but gives you no competitive advantage. They are merely filling a role until you can either help them improve to a B or A player or find a B or A player to replace them. This employee needs improvement and should be placed on a performance improvement plan to educate them on performance and behavioral expectations.', 1, 1, CAST(N'2018-04-19' AS Date), NULL, NULL, CAST(4.10 AS Decimal(5, 2)), 19, 20, N'Educate.', N'Average Talent.', N'C-Player')
INSERT [dbo].[ScoreRemarks] ([Id], [ScoreRank], [ScoreRemarks], [Bactive], [CreatedBy], [CreatedDtstamp], [UpdatedBy], [UpdatedDtstamp], [GradeOrder], [FromScore], [ToScore], [ManagerAction], [ScoreSummary], [GeneralScoreRank]) VALUES (11, N'C-', N'This is an average member (or less than average member) of your organization who fills a role but gives you no competitive advantage. They are merely filling a role until you can either help them improve to a B or A player or find a B or A player to replace them. This employee needs improvement and should be placed on a performance improvement plan to educate them on performance and behavioral expectations.', 1, 1, CAST(N'2018-04-19' AS Date), NULL, NULL, CAST(4.20 AS Decimal(5, 2)), 10, 13, N'Educate.', N'Average Talent.', N'C-Player')
SET IDENTITY_INSERT [dbo].[ScoreRemarks] OFF

INSERT [dbo].[spt_values] ([name], [number], [type], [low], [high], [status]) VALUES (NULL, 1, N'P  ', 1, 2, 0)
INSERT [dbo].[spt_values] ([name], [number], [type], [low], [high], [status]) VALUES (NULL, 2, N'P  ', 1, 4, 0)
INSERT [dbo].[spt_values] ([name], [number], [type], [low], [high], [status]) VALUES (NULL, 3, N'P  ', 1, 8, 0)
INSERT [dbo].[spt_values] ([name], [number], [type], [low], [high], [status]) VALUES (NULL, 4, N'P  ', 1, 16, 0)
INSERT [dbo].[spt_values] ([name], [number], [type], [low], [high], [status]) VALUES (NULL, 5, N'P  ', 1, 32, 0)
INSERT [dbo].[spt_values] ([name], [number], [type], [low], [high], [status]) VALUES (NULL, 6, N'P  ', 1, 64, 0)
INSERT [dbo].[spt_values] ([name], [number], [type], [low], [high], [status]) VALUES (NULL, 7, N'P  ', 1, 128, 0)
INSERT [dbo].[spt_values] ([name], [number], [type], [low], [high], [status]) VALUES (NULL, 8, N'P  ', 2, 1, 0)
INSERT [dbo].[spt_values] ([name], [number], [type], [low], [high], [status]) VALUES (NULL, 9, N'P  ', 2, 2, 0)
INSERT [dbo].[spt_values] ([name], [number], [type], [low], [high], [status]) VALUES (NULL, 10, N'P  ', 2, 4, 0)
INSERT [dbo].[spt_values] ([name], [number], [type], [low], [high], [status]) VALUES (NULL, 11, N'P  ', 2, 8, 0)
INSERT [dbo].[spt_values] ([name], [number], [type], [low], [high], [status]) VALUES (NULL, 12, N'P  ', 2, 16, 0)


SET IDENTITY_INSERT [dbo].[DimensionElements] ON 

INSERT [dbo].[DimensionElements] ([Id], [DimensionId], [DimensionValueId], [DimensionValues], [BActive], [CreatedBy], [CreatedDtstamp], [UpdatedBy], [UpdatedDtstamp]) VALUES (1, 1, 1, N'TriggerAdmin', 1, 1, GETDATE(), NULL, NULL)
INSERT [dbo].[DimensionElements] ([Id], [DimensionId], [DimensionValueId], [DimensionValues], [BActive], [CreatedBy], [CreatedDtstamp], [UpdatedBy], [UpdatedDtstamp]) VALUES (2, 1, 2, N'Admin', 1, 1, GETDATE(), NULL, NULL)
INSERT [dbo].[DimensionElements] ([Id], [DimensionId], [DimensionValueId], [DimensionValues], [BActive], [CreatedBy], [CreatedDtstamp], [UpdatedBy], [UpdatedDtstamp]) VALUES (3, 1, 3, N'Manager', 1, 1, GETDATE(), NULL, NULL)
INSERT [dbo].[DimensionElements] ([Id], [DimensionId], [DimensionValueId], [DimensionValues], [BActive], [CreatedBy], [CreatedDtstamp], [UpdatedBy], [UpdatedDtstamp]) VALUES (4, 1, 4, N'Executive', 1, 1, GETDATE(), NULL, NULL)
INSERT [dbo].[DimensionElements] ([Id], [DimensionId], [DimensionValueId], [DimensionValues], [BActive], [CreatedBy], [CreatedDtstamp], [UpdatedBy], [UpdatedDtstamp]) VALUES (5, 1, 5, N'Non-Manager', 1, 1, GETDATE(), NULL, NULL)
INSERT [dbo].[DimensionElements] ([Id], [DimensionId], [DimensionValueId], [DimensionValues], [BActive], [CreatedBy], [CreatedDtstamp], [UpdatedBy], [UpdatedDtstamp]) VALUES (6, 2, 1, N'Direct', 1, 1, GETDATE(), NULL, NULL)
INSERT [dbo].[DimensionElements] ([Id], [DimensionId], [DimensionValueId], [DimensionValues], [BActive], [CreatedBy], [CreatedDtstamp], [UpdatedBy], [UpdatedDtstamp]) VALUES (7, 2, 2, N'Hierarchal', 1, 1, GETDATE(), NULL, NULL)
INSERT [dbo].[DimensionElements] ([Id], [DimensionId], [DimensionValueId], [DimensionValues], [BActive], [CreatedBy], [CreatedDtstamp], [UpdatedBy], [UpdatedDtstamp]) VALUES (8, 2, 3, N'Indirect', 1, 1, GETDATE(), NULL, NULL)
INSERT [dbo].[DimensionElements] ([Id], [DimensionId], [DimensionValueId], [DimensionValues], [BActive], [CreatedBy], [CreatedDtstamp], [UpdatedBy], [UpdatedDtstamp]) VALUES (9, 3, 1, N'Inside', 1, 1, GETDATE(), NULL, NULL)
INSERT [dbo].[DimensionElements] ([Id], [DimensionId], [DimensionValueId], [DimensionValues], [BActive], [CreatedBy], [CreatedDtstamp], [UpdatedBy], [UpdatedDtstamp]) VALUES (10, 3, 2, N'Outside', 1, 1, GETDATE(), NULL, NULL)
INSERT [dbo].[DimensionElements] ([Id], [DimensionId], [DimensionValueId], [DimensionValues], [BActive], [CreatedBy], [CreatedDtstamp], [UpdatedBy], [UpdatedDtstamp]) VALUES (11, 4, 1, N'Connected', 1, 1, GETDATE(), NULL, NULL)
INSERT [dbo].[DimensionElements] ([Id], [DimensionId], [DimensionValueId], [DimensionValues], [BActive], [CreatedBy], [CreatedDtstamp], [UpdatedBy], [UpdatedDtstamp]) VALUES (12, 4, 2, N'Oversight', 1, 1, GETDATE(), NULL, NULL)

SET IDENTITY_INSERT [dbo].[DimensionElements] OFF

SET IDENTITY_INSERT [dbo].[DimensionWiseActionPermission] ON 

INSERT [dbo].[DimensionWiseActionPermission] ([Id], [DimensionId], [DimensionValueId], [ActionId], [CanView], [CanAdd], [CanEdit], [CanDelete], [BActive], [CreatedBy], [CreatedDtstamp], [UpdatedBy], [UpdatedDtstamp]) VALUES (1, 1, 3, 1, 0, 1, 0, 0, 1, 1, GETDATE(), NULL, NULL)
INSERT [dbo].[DimensionWiseActionPermission] ([Id], [DimensionId], [DimensionValueId], [ActionId], [CanView], [CanAdd], [CanEdit], [CanDelete], [BActive], [CreatedBy], [CreatedDtstamp], [UpdatedBy], [UpdatedDtstamp]) VALUES (2, 1, 3, 2, 0, 0, 0, 0, 1, 1, GETDATE(), NULL, NULL)
INSERT [dbo].[DimensionWiseActionPermission] ([Id], [DimensionId], [DimensionValueId], [ActionId], [CanView], [CanAdd], [CanEdit], [CanDelete], [BActive], [CreatedBy], [CreatedDtstamp], [UpdatedBy], [UpdatedDtstamp]) VALUES (3, 1, 3, 3, 1, 0, 0, 0, 1, 1, GETDATE(), NULL, NULL)
INSERT [dbo].[DimensionWiseActionPermission] ([Id], [DimensionId], [DimensionValueId], [ActionId], [CanView], [CanAdd], [CanEdit], [CanDelete], [BActive], [CreatedBy], [CreatedDtstamp], [UpdatedBy], [UpdatedDtstamp]) VALUES (4, 1, 3, 4, 0, 0, 0, 0, 1, 1, GETDATE(), NULL, NULL)
INSERT [dbo].[DimensionWiseActionPermission] ([Id], [DimensionId], [DimensionValueId], [ActionId], [CanView], [CanAdd], [CanEdit], [CanDelete], [BActive], [CreatedBy], [CreatedDtstamp], [UpdatedBy], [UpdatedDtstamp]) VALUES (5, 1, 3, 5, 0, 0, 0, 0, 1, 1, GETDATE(), NULL, NULL)
INSERT [dbo].[DimensionWiseActionPermission] ([Id], [DimensionId], [DimensionValueId], [ActionId], [CanView], [CanAdd], [CanEdit], [CanDelete], [BActive], [CreatedBy], [CreatedDtstamp], [UpdatedBy], [UpdatedDtstamp]) VALUES (6, 1, 3, 6, 0, 0, 0, 0, 1, 1, GETDATE(), NULL, NULL)
INSERT [dbo].[DimensionWiseActionPermission] ([Id], [DimensionId], [DimensionValueId], [ActionId], [CanView], [CanAdd], [CanEdit], [CanDelete], [BActive], [CreatedBy], [CreatedDtstamp], [UpdatedBy], [UpdatedDtstamp]) VALUES (7, 1, 4, 1, 0, 1, 0, 0, 1, 1, GETDATE(), NULL, NULL)
INSERT [dbo].[DimensionWiseActionPermission] ([Id], [DimensionId], [DimensionValueId], [ActionId], [CanView], [CanAdd], [CanEdit], [CanDelete], [BActive], [CreatedBy], [CreatedDtstamp], [UpdatedBy], [UpdatedDtstamp]) VALUES (8, 1, 4, 2, 0, 0, 0, 0, 1, 1, GETDATE(), NULL, NULL)
INSERT [dbo].[DimensionWiseActionPermission] ([Id], [DimensionId], [DimensionValueId], [ActionId], [CanView], [CanAdd], [CanEdit], [CanDelete], [BActive], [CreatedBy], [CreatedDtstamp], [UpdatedBy], [UpdatedDtstamp]) VALUES (9, 1, 4, 3, 1, 0, 0, 0, 1, 1, GETDATE(), NULL, NULL)
INSERT [dbo].[DimensionWiseActionPermission] ([Id], [DimensionId], [DimensionValueId], [ActionId], [CanView], [CanAdd], [CanEdit], [CanDelete], [BActive], [CreatedBy], [CreatedDtstamp], [UpdatedBy], [UpdatedDtstamp]) VALUES (10, 1, 4, 4, 0, 0, 0, 0, 1, 1, GETDATE(), NULL, NULL)
INSERT [dbo].[DimensionWiseActionPermission] ([Id], [DimensionId], [DimensionValueId], [ActionId], [CanView], [CanAdd], [CanEdit], [CanDelete], [BActive], [CreatedBy], [CreatedDtstamp], [UpdatedBy], [UpdatedDtstamp]) VALUES (11, 1, 4, 5, 0, 0, 0, 0, 1, 1, GETDATE(), NULL, NULL)
INSERT [dbo].[DimensionWiseActionPermission] ([Id], [DimensionId], [DimensionValueId], [ActionId], [CanView], [CanAdd], [CanEdit], [CanDelete], [BActive], [CreatedBy], [CreatedDtstamp], [UpdatedBy], [UpdatedDtstamp]) VALUES (12, 1, 4, 6, 0, 0, 0, 0, 1, 1, GETDATE(), NULL, NULL)


SET IDENTITY_INSERT [dbo].[DimensionWiseActionPermission] OFF

SET IDENTITY_INSERT [dbo].[Classifications] ON 

INSERT [dbo].[Classifications] ([Id], [Classification], [Bactive], [CreatedBy], [CreatedDtstamp], [UpdatedBy], [UpdatedDtstamp]) VALUES (1, '1:1 Meeting', 1, 1, GETDATE(), NULL, NULL)
INSERT [dbo].[Classifications] ([Id], [Classification], [Bactive], [CreatedBy], [CreatedDtstamp], [UpdatedBy], [UpdatedDtstamp]) VALUES (2, 'Praise', 1, 1, GETDATE(), NULL, NULL)
INSERT [dbo].[Classifications] ([Id], [Classification], [Bactive], [CreatedBy], [CreatedDtstamp], [UpdatedBy], [UpdatedDtstamp]) VALUES (3, 'Corrective Action', 1, 1, GETDATE(), NULL, NULL)
INSERT [dbo].[Classifications] ([Id], [Classification], [Bactive], [CreatedBy], [CreatedDtstamp], [UpdatedBy], [UpdatedDtstamp]) VALUES (4, 'Observation', 1, 1, GETDATE(), NULL, NULL)
INSERT [dbo].[Classifications] ([Id], [Classification], [Bactive], [CreatedBy], [CreatedDtstamp], [UpdatedBy], [UpdatedDtstamp]) VALUES (5, 'Training', 1, 1, GETDATE(), NULL, NULL)
INSERT [dbo].[Classifications] ([Id], [Classification], [Bactive], [CreatedBy], [CreatedDtstamp], [UpdatedBy], [UpdatedDtstamp]) VALUES (6, 'General', 1, 1, GETDATE(), NULL, NULL)
INSERT [dbo].[Classifications] ([Id], [Classification], [Bactive], [CreatedBy], [CreatedDtstamp], [UpdatedBy], [UpdatedDtstamp]) VALUES (7, 'Coaching', 1, 1, GETDATE(), NULL, NULL)
INSERT [dbo].[Classifications] ([Id], [Classification], [Bactive], [CreatedBy], [CreatedDtstamp], [UpdatedBy], [UpdatedDtstamp]) VALUES (8, 'Action item', 1, 1, GETDATE(), NULL, NULL)
INSERT [dbo].[Classifications] ([Id], [Classification], [Bactive], [CreatedBy], [CreatedDtstamp], [UpdatedBy], [UpdatedDtstamp]) VALUES (9, 'Follow-up', 1, 1, GETDATE(), NULL, NULL)
INSERT [dbo].[Classifications] ([Id], [Classification], [Bactive], [CreatedBy], [CreatedDtstamp], [UpdatedBy], [UpdatedDtstamp]) VALUES (10,'Other', 1, 1, GETDATE(), NULL, NULL)

SET IDENTITY_INSERT [dbo].[Classifications] OFF